"[184030,1]",2
"[199147,2]",1
"[131006,2]",3
"[102339,5]",1
"[115225,2]",2
"[139493,2]",1
"[100548,5]",2
"[117077,2]",2
"[176662,3]",3
"[133331,4]",4
"[160325,1]",2
"[187586,2]",1
"[122990,1]",1
"[141719,4]",1
"[130510,3]",1
"[191483,4]",1
"[156419,3]",1
"[160789,1]",1
"[152254,3]",1
"[110028,4]",3
"[173690,5]",1
"[124504,4]",1
"[145726,3]",1
"[149945,3]",4
"[100112,5]",1
"[184653,2]",1
"[110924,3]",1
"[168295,1]",1
"[135777,5]",1
"[118013,4]",1
"[120649,1]",2
"[144213,1]",1
"[109211,3]",1
"[118523,5]",1
"[135978,2]",1
"[130865,5]",2
"[151150,4]",1
"[112607,2]",1
"[186143,5]",1
"[105266,4]",3
"[143611,2]",1
"[129058,3]",3
"[191458,5]",1
"[139584,3]",1
"[165568,3]",1
"[146666,5]",1
"[150803,1]",3
"[167288,2]",1
"[127353,1]",1
"[195598,4]",1
"[102606,4]",2
"[117880,4]",1
"[154083,2]",1
"[186156,3]",1
"[145966,3]",1
"[130908,1]",1
"[142578,4]",2
"[181234,5]",1
"[151876,3]",3
"[102475,3]",1
"[107237,5]",3
"[143331,4]",1
"[119158,4]",1
"[173058,1]",1
"[153615,4]",1
"[130908,4]",1
"[193741,5]",1
"[123492,1]",1
"[173632,5]",1
"[177200,4]",2
"[178221,4]",2
"[187352,2]",1
"[159660,2]",1
"[131288,2]",2
"[161720,2]",2
"[125552,1]",2
"[104857,4]",1
"[197471,3]",1
"[165692,4]",3
"[170610,1]",3
"[102606,1]",1
"[150334,3]",1
"[178221,3]",1
"[193071,3]",1
"[176508,4]",2
"[105645,3]",1
"[153852,3]",1
"[138393,2]",1
"[135926,2]",1
"[100414,1]",2
"[151319,4]",1
"[134518,4]",1
"[117002,3]",1
"[151872,2]",1
"[133580,2]",2
"[163321,3]",1
"[197684,1]",1
"[153615,5]",2
"[170293,4]",1
"[142912,3]",1
"[117479,5]",1
"[130234,2]",1
"[155604,2]",1
"[130556,4]",2
"[147293,1]",2
"[106917,5]",1
"[176042,4]",3
"[105367,1]",1
"[171655,5]",2
"[149464,5]",3
"[103228,4]",1
"[144520,5]",1
"[152654,5]",2
"[154083,4]",2
"[179841,4]",1
"[138056,3]",1
"[127441,1]",2
"[142200,4]",1
"[149670,2]",1
"[144223,4]",1
"[156061,5]",2
"[175492,4]",2
"[173042,4]",1
"[199218,5]",1
"[143998,1]",1
"[180396,5]",2
"[147154,1]",1
"[140811,5]",1
"[131134,5]",1
"[163321,2]",1
"[126084,2]",2
"[149839,4]",2
"[144213,4]",1
"[163590,5]",1
"[123240,5]",3
"[169581,5]",2
"[172951,3]",1
"[109919,1]",1
"[167902,5]",1
"[184153,1]",3
"[119980,1]",1
"[151853,5]",1
"[191622,4]",1
"[128451,4]",1
"[172200,3]",1
"[177288,1]",1
"[189295,1]",2
"[142751,3]",1
"[116139,3]",1
"[197262,1]",2
"[135337,5]",2
"[114478,1]",1
"[187685,5]",2
"[196329,2]",1
"[138008,2]",1
"[130556,3]",2
"[188129,5]",1
"[111595,1]",1
"[197209,5]",2
"[195029,4]",1
"[114201,3]",2
"[120649,4]",1
"[195692,4]",1
"[105766,5]",1
"[158109,4]",2
"[184001,1]",1
"[166620,3]",4
"[116116,1]",1
"[132046,1]",1
"[174662,4]",1
"[199218,2]",1
"[142375,4]",2
"[145992,4]",1
"[195221,3]",1
"[174159,1]",1
"[183559,4]",2
"[188129,1]",1
"[131346,1]",1
"[157019,2]",2
"[154975,3]",1
"[146599,1]",1
"[146666,2]",1
"[155148,1]",2
"[158971,3]",1
"[188808,5]",2
"[190394,2]",2
"[119754,4]",2
"[199515,5]",3
"[144885,2]",1
"[177288,5]",2
"[199957,5]",2
"[171184,1]",2
"[150450,3]",1
"[172028,5]",1
"[149476,1]",2
"[106925,4]",1
"[131042,1]",3
"[157882,1]",1
"[149670,1]",1
"[113105,5]",1
"[144612,3]",1
"[176607,3]",2
"[140811,3]",1
"[136479,5]",1
"[159505,1]",1
"[157782,3]",1
"[156514,2]",2
"[155671,4]",3
"[103531,1]",1
"[188230,4]",1
"[102696,3]",1
"[179841,2]",1
"[191643,3]",1
"[145224,3]",1
"[119100,5]",1
"[199890,3]",1
"[113233,4]",1
"[151501,3]",1
"[196507,1]",1
"[133299,3]",1
"[164164,3]",1
"[104857,1]",1
"[100902,3]",2
"[132435,3]",1
"[183823,1]",1
"[154565,5]",3
"[170293,5]",2
"[195029,1]",1
"[184202,3]",1
"[179911,1]",1
"[161533,2]",1
"[187112,2]",1
"[100039,1]",1
"[112074,4]",1
"[173276,4]",3
"[114496,1]",1
"[129844,4]",1
"[107233,2]",1
"[105943,5]",1
"[134143,5]",1
"[176607,2]",1
"[168425,3]",1
"[147204,5]",2
"[184623,5]",1
"[100548,2]",1
"[163294,3]",1
"[170894,3]",1
"[188808,4]",1
"[151389,3]",1
"[132749,4]",1
"[141846,2]",1
"[124482,5]",1
"[144885,4]",1
"[183700,5]",1
"[180985,4]",2
"[151321,2]",1
"[174507,3]",1
"[128128,2]",1
"[158323,2]",1
"[109336,4]",2
"[157090,1]",2
"[164982,4]",3
"[193741,4]",1
"[139914,3]",1
"[184202,2]",1
"[146599,3]",1
"[105001,4]",4
"[176075,5]",1
"[113006,2]",3
"[101771,3]",1
"[148948,2]",1
"[195908,1]",1
"[117002,1]",1
"[169441,2]",3
"[103531,3]",2
"[144256,5]",1
"[187112,3]",2
"[177689,2]",1
"[126172,1]",3
"[177557,1]",1
"[176017,2]",1
"[150931,5]",2
"[188219,5]",2
"[113006,1]",1
"[127116,3]",1
"[156926,3]",2
"[160789,5]",1
"[123548,2]",3
"[145992,3]",3
"[196277,5]",1
"[121927,5]",3
"[172247,3]",1
"[170840,1]",2
"[158766,2]",1
"[167064,3]",3
"[197262,2]",1
"[183782,2]",1
"[198283,1]",2
"[133625,5]",1
"[165497,2]",2
"[145341,3]",1
"[157882,2]",1
"[109531,5]",1
"[182589,4]",1
"[152755,4]",2
"[133299,2]",1
"[102475,2]",1
"[156926,2]",1
"[121253,4]",3
"[162915,1]",1
"[138484,5]",2
"[174321,3]",1
"[185565,3]",2
"[169629,2]",1
"[174384,4]",2
"[197612,5]",3
"[106917,4]",1
"[157648,1]",1
"[105362,5]",1
"[175479,4]",1
"[181243,4]",1
"[138677,4]",1
"[125718,3]",1
"[116139,5]",1
"[175244,5]",1
"[129374,1]",2
"[135695,5]",2
"[113545,3]",1
"[121297,3]",2
"[158971,2]",1
"[135695,4]",1
"[194654,1]",1
"[114201,4]",1
"[191879,4]",1
"[139493,4]",1
"[110869,3]",1
"[125765,2]",1
"[103413,5]",1
"[181234,1]",2
"[148489,3]",2
"[145637,1]",1
"[135926,1]",1
"[118523,2]",1
"[112820,5]",1
"[178711,1]",1
"[137688,2]",1
"[127563,4]",2
"[199714,3]",2
"[169243,1]",1
"[171994,4]",1
"[110378,3]",1
"[158766,4]",1
"[142751,5]",1
"[165082,5]",2
"[171279,3]",1
"[137741,2]",1
"[129931,1]",2
"[131792,1]",1
"[190290,5]",1
"[167380,4]",2
"[176569,5]",1
"[114116,5]",3
"[147481,2]",1
"[127909,1]",1
"[151501,4]",1
"[150180,3]",1
"[110240,5]",1
"[178711,4]",1
"[177617,5]",2
"[110028,5]",1
"[112520,3]",1
"[179637,5]",2
"[153783,4]",1
"[147705,1]",1
"[182903,3]",1
"[198221,5]",4
"[192438,5]",1
"[117880,2]",2
"[183728,3]",2
"[123353,5]",1
"[138225,3]",2
"[198156,2]",2
"[182200,1]",1
"[180500,5]",3
"[132046,2]",1
"[104270,3]",1
"[114653,4]",2
"[144288,5]",1
"[154011,3]",1
"[199565,1]",2
"[195598,3]",2
"[181234,4]",1
"[143106,5]",3
"[137170,2]",1
"[180137,1]",3
"[154904,2]",1
"[129394,2]",2
"[158629,3]",1
"[130496,1]",3
"[199147,5]",1
"[118615,4]",2
"[108044,4]",2
"[104360,2]",2
"[156485,5]",2
"[117566,5]",2
"[177288,2]",1
"[125600,1]",3
"[178326,5]",1
"[119568,3]",1
"[107233,4]",1
"[111207,4]",2
"[157019,4]",1
"[130320,2]",1
"[132298,2]",2
"[117566,1]",1
"[161177,2]",1
"[185127,1]",1
"[185127,3]",1
"[160687,1]",1
"[118523,1]",1
"[137707,1]",1
"[127892,4]",1
"[108759,1]",1
"[157882,3]",1
"[188647,2]",2
"[153353,5]",1
"[183236,3]",3
"[103067,2]",1
"[194162,3]",1
"[120041,5]",1
"[179111,4]",1
"[197901,5]",3
"[166529,1]",1
"[199411,2]",2
"[198889,3]",2
"[127116,5]",2
"[149128,3]",1
"[166411,4]",1
"[100414,5]",1
"[162531,3]",1
"[101673,1]",1
"[197332,1]",2
"[191557,3]",3
"[119754,1]",1
"[175776,4]",1
"[159690,1]",2
"[198283,5]",1
"[119480,3]",1
"[138555,4]",1
"[166698,4]",1
"[183777,1]",1
"[152319,1]",1
"[179706,4]",1
"[129398,5]",2
"[101178,1]",1
"[178886,5]",1
"[144612,4]",1
"[132926,2]",1
"[134502,5]",2
"[131073,4]",2
"[185335,5]",1
"[174321,2]",1
"[111198,5]",1
"[183728,2]",1
"[104532,5]",1
"[148685,3]",1
"[112157,5]",1
"[179870,4]",1
"[142516,1]",1
"[175966,2]",1
"[169720,4]",1
"[197619,5]",2
"[125982,2]",2
"[169333,1]",3
"[131179,1]",1
"[111013,5]",3
"[181827,3]",2
"[178935,3]",2
"[112880,4]",1
"[117077,4]",3
"[176825,1]",1
"[108578,4]",1
"[120390,3]",3
"[153783,5]",1
"[122444,5]",1
"[118460,4]",1
"[111732,2]",2
"[170374,2]",2
"[185335,2]",2
"[127057,4]",2
"[192443,3]",2
"[175244,1]",1
"[102475,4]",2
"[158629,1]",1
"[124827,5]",1
"[149642,5]",1
"[144520,2]",1
"[146205,1]",1
"[109736,2]",1
"[122444,3]",2
"[162149,1]",1
"[103046,5]",2
"[171279,4]",1
"[123353,1]",3
"[165692,3]",1
"[118049,1]",1
"[137738,5]",1
"[172951,4]",2
"[190394,5]",1
"[138555,5]",1
"[193741,1]",1
"[181486,3]",1
"[186156,5]",2
"[139790,1]",2
"[115911,5]",2
"[195771,1]",2
"[144893,1]",3
"[108518,1]",1
"[145224,1]",1
"[192388,5]",1
"[138008,3]",2
"[176607,4]",1
"[165082,4]",1
"[126123,2]",2
"[128021,4]",1
"[113960,2]",2
"[113545,1]",1
"[182958,3]",1
"[167229,4]",1
"[199966,1]",3
"[143710,2]",1
"[170894,4]",1
"[138677,5]",2
"[147545,1]",1
"[179911,5]",2
"[196631,2]",2
"[151150,5]",2
"[106925,3]",1
"[175169,1]",1
"[147293,5]",2
"[175995,4]",2
"[151319,3]",1
"[138008,1]",2
"[125552,4]",1
"[101828,2]",2
"[157338,4]",2
"[128128,1]",2
"[153246,5]",3
"[165319,1]",2
"[173580,5]",1
"[131179,5]",1
"[129654,3]",1
"[117566,3]",1
"[102599,2]",1
"[141601,4]",1
"[132405,2]",1
"[156419,5]",1
"[145139,1]",1
"[136434,4]",3
"[122990,3]",2
"[183823,4]",1
"[111595,3]",3
"[120137,3]",3
"[169581,3]",1
"[149945,5]",1
"[196675,1]",1
"[193071,4]",1
"[170090,5]",2
"[102837,5]",3
"[118890,4]",1
"[103228,5]",1
"[157782,1]",2
"[175852,5]",2
"[181041,4]",1
"[117002,4]",1
"[107425,1]",1
"[163856,2]",1
"[130272,2]",1
"[195029,2]",1
"[160789,3]",2
"[165841,3]",3
"[121253,3]",1
"[181864,5]",1
"[156875,2]",1
"[118266,2]",1
"[144824,4]",1
"[108578,3]",2
"[172479,4]",3
"[193691,5]",1
"[190290,2]",1
"[144223,3]",1
"[117783,5]",1
"[176569,4]",2
"[195344,4]",3
"[189566,4]",1
"[104544,2]",2
"[169243,3]",2
"[181864,3]",2
"[127057,1]",1
"[106884,3]",1
"[192388,1]",1
"[101931,4]",1
"[181281,5]",2
"[113798,3]",1
"[115272,3]",1
"[193650,4]",3
"[150450,1]",3
"[182200,2]",1
"[156322,4]",1
"[193145,4]",2
"[104544,5]",2
"[140811,2]",1
"[150406,1]",2
"[119986,2]",1
"[112319,5]",2
"[147204,2]",2
"[108600,3]",1
"[172197,4]",1
"[171279,1]",1
"[135004,4]",1
"[137688,5]",1
"[181413,2]",1
"[113798,4]",2
"[131805,2]",2
"[132981,5]",2
"[194654,4]",3
"[168802,1]",1
"[178081,5]",1
"[178203,4]",2
"[192438,1]",1
"[110378,4]",1
"[171585,3]",1
"[156322,3]",2
"[194899,3]",1
"[166281,1]",1
"[117002,2]",2
"[118523,4]",2
"[199515,3]",1
"[137707,5]",2
"[111813,2]",2
"[100935,5]",1
"[135695,2]",1
"[195499,3]",1
"[109626,1]",3
"[116880,2]",3
"[196631,5]",2
"[102837,3]",1
"[166305,2]",1
"[139879,3]",3
"[137688,1]",2
"[149476,4]",1
"[168295,5]",1
"[115358,4]",1
"[159505,3]",1
"[168303,5]",1
"[139224,5]",3
"[146880,2]",1
"[179836,2]",1
"[140576,5]",2
"[168425,5]",1
"[178081,3]",1
"[178034,1]",1
"[131346,4]",1
"[195499,5]",2
"[171276,2]",1
"[196092,5]",2
"[135926,4]",1
"[183700,3]",1
"[108759,3]",2
"[102072,2]",1
"[123492,2]",1
"[140636,1]",1
"[151787,2]",2
"[155874,2]",1
"[149642,3]",1
"[112820,3]",1
"[112220,3]",2
"[121817,2]",1
"[199411,3]",2
"[127116,2]",1
"[125061,3]",3
"[104532,3]",1
"[134974,3]",2
"[187124,3]",1
"[151787,3]",1
"[133047,1]",2
"[107425,3]",2
"[139914,1]",1
"[134144,5]",1
"[145139,4]",1
"[135170,5]",2
"[175689,1]",1
"[181864,4]",1
"[179111,5]",2
"[160687,3]",3
"[133832,2]",2
"[124504,2]",2
"[181014,2]",1
"[151321,3]",2
"[177105,2]",3
"[113913,2]",2
"[172387,4]",2
"[170779,1]",4
"[108167,5]",2
"[105766,2]",1
"[146205,2]",2
"[157090,2]",2
"[165492,1]",1
"[192460,1]",2
"[130504,5]",1
"[195221,1]",2
"[151501,2]",2
"[159398,5]",2
"[176017,3]",2
"[167745,4]",1
"[154936,1]",1
"[149945,1]",2
"[174232,3]",1
"[166305,5]",1
"[189728,2]",2
"[150180,1]",3
"[140811,1]",1
"[170293,2]",1
"[140212,4]",1
"[117566,2]",1
"[199565,3]",1
"[167745,2]",2
"[126332,4]",1
"[166168,2]",2
"[101931,5]",1
"[104075,3]",2
"[110924,4]",3
"[170374,3]",2
"[101674,3]",2
"[145224,5]",1
"[171585,2]",1
"[158697,1]",2
"[152755,5]",1
"[103783,2]",1
"[179066,2]",1
"[143244,5]",1
"[116095,3]",2
"[154936,3]",1
"[150947,3]",2
"[155604,5]",2
"[109439,2]",2
"[144465,3]",3
"[157338,1]",2
"[123714,3]",1
"[131792,5]",2
"[188149,5]",1
"[178869,2]",2
"[192460,4]",2
"[110869,2]",1
"[167064,1]",2
"[102837,2]",1
"[171343,4]",2
"[183782,5]",3
"[102126,5]",3
"[116238,2]",1
"[112319,2]",1
"[109933,2]",2
"[127353,5]",2
"[188622,4]",2
"[105362,2]",1
"[141812,5]",2
"[134502,4]",1
"[191879,5]",1
"[156322,5]",1
"[139199,2]",1
"[154041,3]",1
"[164820,3]",2
"[154083,3]",1
"[127763,3]",2
"[187592,4]",4
"[125046,4]",1
"[108759,2]",1
"[192477,3]",2
"[101723,4]",1
"[198156,5]",2
"[108976,4]",2
"[156523,2]",3
"[161985,4]",1
"[135513,5]",2
"[142702,4]",1
"[147705,5]",2
"[166177,4]",1
"[163506,5]",3
"[150545,2]",2
"[179066,4]",2
"[111207,5]",2
"[197684,4]",1
"[175966,5]",1
"[101673,2]",4
"[177010,1]",1
"[172997,1]",1
"[143909,5]",1
"[139584,2]",2
"[133832,3]",1
"[190097,1]",2
"[105760,3]",1
"[140212,3]",3
"[119487,3]",1
"[127420,4]",1
"[178977,5]",3
"[191879,2]",3
"[116531,1]",1
"[139879,4]",2
"[137707,2]",1
"[109531,3]",1
"[127353,3]",2
"[155148,5]",1
"[128948,1]",1
"[193691,1]",2
"[108600,1]",1
"[138561,2]",2
"[172595,3]",1
"[121553,5]",2
"[101931,2]",1
"[187491,5]",2
"[102102,2]",3
"[172868,5]",1
"[164453,3]",3
"[132298,3]",1
"[105943,3]",1
"[119754,3]",2
"[123240,2]",1
"[183853,5]",1
"[156485,3]",2
"[112157,4]",3
"[167745,1]",1
"[183738,3]",2
"[123578,4]",2
"[187357,2]",1
"[167229,5]",2
"[101209,3]",1
"[108976,3]",1
"[147854,4]",3
"[154111,3]",3
"[134231,4]",1
"[179111,2]",1
"[185545,5]",2
"[112074,2]",2
"[187124,5]",1
"[135004,3]",2
"[143683,2]",1
"[103228,1]",2
"[176042,3]",1
"[130733,3]",2
"[171276,1]",2
"[104826,5]",1
"[144223,1]",1
"[134144,1]",1
"[149478,3]",2
"[159690,3]",1
"[104674,4]",1
"[189881,1]",2
"[152319,3]",2
"[175776,5]",1
"[187259,4]",1
"[156485,4]",1
"[135004,1]",1
"[132926,4]",2
"[183823,5]",1
"[187685,3]",1
"[188622,3]",2
"[129394,1]",2
"[119100,1]",1
"[197684,3]",1
"[181041,2]",3
"[194162,5]",2
"[131346,2]",1
"[141601,1]",1
"[151532,2]",3
"[105001,2]",1
"[139493,3]",2
"[169629,3]",2
"[194840,3]",1
"[132298,4]",2
"[143849,5]",4
"[145752,1]",2
"[120649,2]",1
"[162915,2]",1
"[110869,1]",3
"[195692,5]",3
"[145637,4]",3
"[116974,3]",2
"[122006,5]",1
"[136479,3]",1
"[145752,3]",1
"[146549,4]",3
"[116095,5]",1
"[148948,5]",1
"[177105,3]",1
"[178935,1]",1
"[138484,1]",2
"[175978,1]",2
"[182636,2]",3
"[155439,4]",1
"[106925,5]",1
"[149464,4]",1
"[150931,2]",2
"[171638,4]",1
"[182958,5]",1
"[198024,5]",1
"[139199,3]",2
"[197912,5]",1
"[164453,5]",1
"[145726,1]",2
"[171585,5]",1
"[137394,2]",1
"[177557,4]",1
"[104075,1]",3
"[154848,5]",1
"[189344,1]",3
"[178426,4]",1
"[198429,1]",3
"[187902,2]",1
"[184549,3]",1
"[178221,2]",2
"[167890,3]",1
"[177617,4]",2
"[154111,4]",1
"[131288,1]",1
"[148925,4]",1
"[121927,3]",1
"[174159,3]",2
"[192443,4]",1
"[162431,2]",1
"[133468,5]",2
"[110662,5]",1
"[188647,3]",1
"[157256,1]",2
"[178203,2]",2
"[164969,5]",1
"[142600,3]",2
"[188156,4]",3
"[177105,1]",1
"[153783,1]",1
"[192438,2]",2
"[126266,2]",1
"[177457,4]",2
"[131454,4]",3
"[158697,4]",2
"[145637,3]",1
"[188339,2]",1
"[158766,5]",1
"[156322,1]",1
"[193742,5]",2
"[181281,4]",1
"[180789,5]",3
"[166917,3]",1
"[182200,3]",1
"[137532,2]",2
"[163856,3]",2
"[135513,2]",2
"[142965,1]",1
"[125061,4]",1
"[151532,5]",1
"[141754,5]",1
"[145224,4]",2
"[182493,4]",1
"[105760,2]",2
"[163138,3]",2
"[151872,1]",1
"[198024,2]",1
"[168622,4]",1
"[163590,4]",2
"[130338,5]",2
"[126708,5]",1
"[172242,5]",2
"[112607,3]",1
"[162986,5]",1
"[108518,4]",1
"[102889,2]",1
"[158227,5]",2
"[164982,3]",2
"[143909,2]",1
"[156731,1]",2
"[101582,2]",1
"[194840,2]",2
"[151872,4]",3
"[181243,5]",2
"[165264,4]",1
"[173058,2]",1
"[143106,3]",1
"[133231,3]",2
"[188149,2]",2
"[173042,2]",1
"[102930,4]",2
"[127776,5]",1
"[126084,1]",1
"[120939,1]",1
"[167890,2]",1
"[182636,5]",1
"[189728,3]",1
"[195161,4]",2
"[199411,4]",1
"[108976,5]",1
"[110372,5]",1
"[139584,5]",1
"[147002,5]",1
"[199371,3]",2
"[173276,2]",1
"[158629,2]",1
"[145966,4]",2
"[112074,1]",1
"[174662,3]",3
"[172197,5]",2
"[115358,1]",1
"[143790,4]",1
"[111054,5]",2
"[135978,4]",1
"[111198,4]",1
"[134161,3]",2
"[170826,4]",1
"[176607,1]",1
"[135004,5]",1
"[150803,2]",1
"[165492,4]",1
"[119382,2]",1
"[183738,1]",1
"[178851,1]",2
"[178851,4]",1
"[138561,3]",1
"[186436,3]",1
"[160334,1]",1
"[142116,1]",1
"[127521,5]",1
"[119487,1]",2
"[108109,5]",2
"[127333,3]",1
"[165264,1]",1
"[152319,2]",1
"[168994,3]",1
"[132749,1]",2
"[113179,1]",1
"[101279,5]",1
"[185127,5]",2
"[104544,1]",1
"[139041,1]",1
"[187491,3]",2
"[121110,1]",1
"[168994,4]",1
"[157392,4]",1
"[155343,1]",1
"[124659,4]",2
"[109919,4]",1
"[105765,5]",1
"[143331,5]",1
"[114116,1]",1
"[154024,4]",1
"[104532,1]",1
"[162986,4]",2
"[181813,5]",3
"[189566,2]",1
"[133517,2]",2
"[139960,4]",4
"[182958,4]",1
"[155049,5]",2
"[104719,2]",2
"[182589,2]",1
"[198610,3]",1
"[151853,2]",1
"[140636,3]",1
"[171638,1]",1
"[145628,2]",3
"[133391,5]",1
"[161985,2]",4
"[184202,5]",1
"[116114,1]",3
"[197898,3]",1
"[128451,1]",1
"[137738,3]",2
"[196446,3]",2
"[132195,3]",1
"[193691,3]",1
"[165130,3]",1
"[105766,4]",1
"[141846,5]",2
"[189969,4]",1
"[117623,1]",1
"[181234,2]",1
"[192443,5]",2
"[114116,4]",1
"[134143,2]",1
"[142350,2]",2
"[172868,1]",2
"[144479,2]",2
"[199147,1]",1
"[144207,4]",1
"[115970,4]",4
"[181864,2]",1
"[195117,4]",2
"[100039,2]",1
"[183845,5]",1
"[138336,5]",1
"[130134,4]",1
"[172387,3]",1
"[193265,5]",1
"[126266,3]",2
"[140082,2]",1
"[124482,1]",3
"[113316,3]",2
"[160401,5]",1
"[116974,5]",2
"[183852,3]",1
"[187080,1]",2
"[125552,3]",1
"[139353,2]",2
"[165902,2]",2
"[142965,4]",1
"[160133,3]",2
"[182493,5]",1
"[165492,3]",1
"[127521,1]",2
"[196675,3]",1
"[101723,2]",2
"[108759,4]",1
"[102967,5]",2
"[194253,5]",2
"[102072,3]",1
"[144213,3]",2
"[199890,4]",1
"[139019,4]",3
"[150805,3]",2
"[177010,3]",3
"[189815,3]",2
"[100112,2]",1
"[146025,3]",1
"[127503,2]",2
"[125600,5]",1
"[176075,4]",1
"[154111,2]",1
"[154011,4]",1
"[138336,2]",2
"[162915,5]",1
"[119382,4]",2
"[151897,1]",2
"[143331,3]",1
"[111767,2]",1
"[146880,1]",2
"[162761,1]",1
"[109736,4]",2
"[198889,4]",1
"[179505,2]",1
"[178501,4]",2
"[177928,4]",3
"[158699,2]",2
"[134794,2]",1
"[187833,5]",3
"[197209,3]",2
"[121614,5]",4
"[173058,5]",2
"[148925,3]",1
"[181413,1]",1
"[156061,3]",2
"[175492,5]",1
"[173632,1]",1
"[101828,3]",1
"[113233,2]",1
"[142516,2]",1
"[165527,3]",1
"[166917,5]",1
"[146184,1]",3
"[124500,3]",2
"[130134,3]",1
"[154011,1]",1
"[196446,2]",1
"[196446,1]",1
"[156419,1]",1
"[152173,5]",2
"[191720,1]",1
"[133580,1]",1
"[130272,3]",1
"[195243,3]",2
"[117673,3]",1
"[183700,1]",1
"[179870,2]",2
"[165527,4]",1
"[146025,2]",1
"[179871,1]",3
"[103046,4]",1
"[189901,1]",2
"[124380,4]",1
"[126708,2]",1
"[175034,2]",2
"[153340,5]",1
"[180534,1]",1
"[116880,3]",1
"[149670,4]",1
"[152947,2]",2
"[106884,2]",2
"[169720,2]",1
"[134502,2]",2
"[182589,1]",3
"[134231,5]",1
"[165130,1]",2
"[163294,4]",1
"[118718,1]",1
"[183777,2]",2
"[197898,1]",4
"[155343,2]",1
"[125193,4]",1
"[125718,5]",2
"[124500,5]",1
"[172403,3]",1
"[164969,3]",1
"[135777,4]",3
"[198024,3]",2
"[117479,3]",1
"[135337,4]",2
"[165497,4]",2
"[134231,1]",1
"[186965,2]",1
"[186965,3]",1
"[126680,4]",2
"[103438,3]",2
"[114114,3]",1
"[115358,5]",1
"[170840,4]",2
"[188156,2]",1
"[183147,5]",3
"[192931,1]",1
"[170610,4]",1
"[130134,2]",1
"[139348,2]",1
"[195499,4]",1
"[154701,1]",1
"[132926,3]",1
"[128021,1]",2
"[194218,2]",2
"[168117,1]",2
"[171729,4]",1
"[119568,1]",1
"[163856,1]",2
"[122731,1]",1
"[128611,1]",2
"[109736,5]",1
"[123548,5]",2
"[115797,4]",2
"[116531,5]",2
"[121049,3]",1
"[165082,2]",1
"[163506,3]",3
"[195243,2]",1
"[159398,1]",1
"[143152,4]",2
"[129374,4]",1
"[183559,5]",1
"[158227,4]",1
"[159300,2]",2
"[118013,3]",1
"[183738,2]",1
"[158697,3]",1
"[108362,5]",1
"[130510,2]",2
"[188156,1]",1
"[156875,5]",1
"[166281,4]",2
"[164770,5]",2
"[177457,5]",1
"[126874,1]",2
"[108167,1]",1
"[149477,3]",1
"[196146,2]",2
"[154904,5]",3
"[152947,3]",1
"[130788,1]",2
"[138428,3]",2
"[139790,4]",1
"[139076,5]",3
"[149670,3]",2
"[163294,2]",1
"[139348,1]",3
"[107411,2]",2
"[130496,3]",1
"[147545,3]",1
"[137532,1]",1
"[112840,1]",2
"[162986,1]",1
"[135926,3]",1
"[140636,4]",1
"[100039,4]",2
"[139076,4]",1
"[151154,5]",2
"[166514,4]",1
"[112820,1]",1
"[178711,3]",3
"[172403,5]",1
"[137741,1]",1
"[154041,4]",2
"[196329,4]",2
"[167380,5]",1
"[162250,1]",3
"[130234,4]",1
"[136479,2]",2
"[108044,5]",1
"[157657,4]",1
"[171638,5]",1
"[146697,4]",1
"[115633,5]",1
"[185801,2]",2
"[112880,3]",1
"[188149,4]",1
"[179836,4]",2
"[137166,3]",1
"[127763,2]",1
"[164164,1]",2
"[178235,2]",1
"[137093,5]",1
"[179841,3]",3
"[155632,1]",2
"[114114,1]",1
"[114496,2]",1
"[121817,3]",1
"[184202,1]",1
"[127003,2]",1
"[110662,3]",1
"[169583,5]",2
"[198610,4]",2
"[120649,3]",1
"[171184,5]",2
"[168784,5]",2
"[115911,2]",2
"[113105,3]",1
"[196507,5]",1
"[151897,4]",1
"[148925,2]",2
"[178927,2]",2
"[177288,3]",1
"[129305,4]",2
"[138561,1]",1
"[125739,5]",2
"[160334,3]",1
"[132046,4]",1
"[175169,3]",1
"[166305,1]",1
"[109439,4]",2
"[170894,5]",1
"[134161,5]",1
"[178235,4]",1
"[177200,1]",1
"[162535,2]",3
"[110112,1]",2
"[199147,3]",1
"[127003,5]",2
"[184623,3]",1
"[126266,4]",1
"[114653,3]",1
"[117623,2]",1
"[153353,2]",3
"[142350,3]",1
"[124500,4]",1
"[145139,3]",2
"[186163,2]",2
"[166168,3]",1
"[175852,4]",1
"[166514,1]",3
"[114478,3]",1
"[102717,5]",3
"[155604,1]",1
"[168802,5]",1
"[117449,2]",1
"[151102,2]",1
"[159881,3]",2
"[110372,3]",2
"[179836,1]",1
"[120137,2]",2
"[117783,3]",1
"[101748,3]",2
"[174159,4]",1
"[168802,2]",2
"[172150,4]",1
"[140679,3]",1
"[155049,4]",2
"[107233,5]",2
"[116238,4]",1
"[134093,5]",1
"[125765,3]",1
"[165576,3]",3
"[189969,2]",2
"[178326,2]",1
"[144399,2]",2
"[188167,3]",1
"[193071,5]",2
"[140679,5]",3
"[156875,3]",1
"[139019,5]",2
"[160133,5]",1
"[179706,1]",2
"[134704,5]",2
"[193071,1]",1
"[123448,1]",1
"[127116,1]",1
"[115797,5]",1
"[191643,4]",1
"[130733,5]",1
"[143388,4]",3
"[121049,2]",2
"[199212,5]",1
"[195771,4]",1
"[104532,4]",2
"[191622,3]",3
"[143790,3]",1
"[190097,2]",3
"[153929,2]",2
"[102494,1]",4
"[173096,5]",1
"[165319,5]",2
"[137441,4]",1
"[102696,5]",2
"[129394,3]",1
"[164453,1]",1
"[149477,1]",2
"[142200,2]",2
"[157648,3]",2
"[166917,1]",2
"[122828,2]",3
"[192333,4]",1
"[196446,4]",1
"[172200,2]",1
"[132391,1]",1
"[161533,1]",1
"[192388,4]",1
"[183674,2]",2
"[180652,4]",2
"[128948,4]",1
"[130743,5]",2
"[194162,4]",1
"[189295,5]",2
"[173737,5]",1
"[126123,5]",1
"[175689,4]",2
"[175689,5]",1
"[123353,3]",1
"[186436,5]",2
"[136670,2]",1
"[150180,4]",1
"[194218,4]",3
"[101748,2]",1
"[193145,2]",1
"[102967,1]",1
"[146880,4]",1
"[187080,4]",1
"[152254,4]",1
"[193265,4]",1
"[132981,4]",2
"[114029,1]",1
"[151150,3]",1
"[196092,2]",1
"[142200,1]",1
"[165492,2]",1
"[102796,4]",1
"[105766,3]",1
"[160133,2]",1
"[130257,1]",1
"[129374,3]",2
"[137532,3]",2
"[105943,1]",1
"[160401,4]",1
"[138428,2]",2
"[101748,4]",1
"[124640,2]",1
"[177457,1]",2
"[184001,5]",2
"[150931,4]",1
"[121297,5]",2
"[150805,4]",1
"[151321,5]",1
"[112880,5]",1
"[114653,2]",1
"[137917,2]",1
"[118049,3]",2
"[177010,4]",1
"[111198,1]",1
"[134704,2]",2
"[105943,4]",1
"[100935,3]",1
"[166974,1]",1
"[110112,4]",1
"[176581,2]",1
"[183497,1]",1
"[169441,5]",1
"[102796,3]",1
"[164485,4]",2
"[108362,4]",1
"[189296,2]",1
"[105760,5]",2
"[176508,2]",3
"[113545,4]",1
"[137170,1]",1
"[124640,4]",2
"[115970,3]",1
"[118615,2]",1
"[106917,2]",2
"[114029,4]",2
"[134974,2]",1
"[175479,3]",3
"[195598,2]",1
"[192388,3]",2
"[162149,4]",1
"[162531,5]",2
"[103438,5]",1
"[130320,1]",1
"[144288,3]",1
"[179305,5]",1
"[173042,1]",3
"[103438,2]",1
"[188622,5]",3
"[192477,5]",2
"[114114,2]",1
"[180985,1]",2
"[154565,1]",2
"[105173,3]",3
"[139076,1]",1
"[175034,3]",2
"[127333,4]",1
"[143611,3]",1
"[131656,5]",2
"[198429,4]",1
"[112820,4]",1
"[151787,5]",1
"[131792,2]",2
"[167902,2]",1
"[149945,2]",3
"[151319,1]",3
"[155632,2]",1
"[116114,2]",2
"[133235,5]",1
"[149526,4]",1
"[125061,2]",1
"[109871,4]",2
"[129305,2]",1
"[146365,5]",1
"[176164,1]",2
"[110149,1]",3
"[136836,3]",1
"[192931,3]",1
"[152103,4]",1
"[191720,3]",1
"[172150,2]",1
"[133625,1]",1
"[150406,3]",2
"[183852,4]",2
"[133468,3]",2
"[183666,2]",1
"[193145,3]",1
"[102606,3]",2
"[129844,5]",2
"[141754,4]",2
"[104270,1]",1
"[104043,5]",1
"[131178,5]",1
"[174232,2]",1
"[118988,2]",1
"[112319,1]",1
"[163410,2]",1
"[170090,2]",1
"[104360,5]",1
"[124380,5]",3
"[128021,5]",1
"[192333,5]",1
"[115272,4]",2
"[101834,3]",1
"[121110,5]",2
"[183852,5]",1
"[143244,2]",1
"[190290,1]",1
"[172200,5]",2
"[123924,5]",1
"[180534,4]",3
"[195631,1]",1
"[196507,3]",1
"[142375,5]",3
"[190290,4]",1
"[172028,3]",3
"[148925,5]",1
"[164820,5]",1
"[137917,5]",1
"[102879,3]",2
"[117673,5]",1
"[178948,3]",1
"[154081,1]",3
"[192333,3]",2
"[117909,3]",1
"[150569,5]",2
"[183666,5]",1
"[175978,2]",2
"[196053,5]",2
"[157090,5]",1
"[108976,1]",1
"[127909,2]",2
"[176825,3]",1
"[189566,1]",1
"[166177,5]",2
"[117623,3]",2
"[123747,2]",1
"[138056,1]",3
"[124659,5]",1
"[119568,2]",2
"[178081,4]",1
"[196507,4]",1
"[100414,2]",2
"[151501,5]",1
"[183666,4]",2
"[168978,2]",1
"[115633,2]",2
"[155671,1]",2
"[120041,1]",1
"[160401,2]",1
"[109933,5]",1
"[133235,1]",2
"[163138,4]",2
"[169720,3]",2
"[172247,2]",3
"[163506,1]",1
"[108314,4]",2
"[102717,3]",1
"[102796,5]",2
"[174599,3]",3
"[104866,2]",1
"[113316,5]",2
"[151787,4]",1
"[119480,4]",1
"[197332,4]",1
"[116531,3]",1
"[181789,1]",1
"[166698,1]",1
"[198114,3]",1
"[155604,4]",1
"[127472,5]",1
"[168622,3]",1
"[141719,5]",1
"[136762,1]",1
"[109919,5]",3
"[168425,2]",2
"[112520,4]",1
"[119980,5]",3
"[149128,5]",1
"[150569,4]",1
"[184653,5]",1
"[148242,3]",3
"[153929,3]",1
"[163467,1]",2
"[128021,3]",1
"[150569,3]",1
"[132435,1]",2
"[151102,1]",2
"[136891,4]",1
"[178886,4]",2
"[135777,2]",1
"[100112,4]",2
"[104043,3]",1
"[112639,1]",1
"[179911,3]",2
"[160133,1]",1
"[158971,1]",1
"[162531,1]",2
"[106811,3]",1
"[103531,5]",1
"[138225,2]",1
"[125193,1]",1
"[146697,3]",2
"[103413,3]",3
"[146148,5]",1
"[157882,5]",2
"[122415,5]",1
"[166974,3]",1
"[174599,4]",1
"[155148,3]",1
"[123714,2]",1
"[101723,3]",2
"[164969,2]",1
"[194037,4]",1
"[159505,4]",1
"[170266,1]",1
"[159660,5]",1
"[121102,1]",1
"[174507,1]",2
"[173096,3]",2
"[102416,3]",2
"[142600,2]",1
"[196631,4]",1
"[121102,2]",2
"[179706,3]",1
"[181486,5]",1
"[180396,1]",1
"[189969,5]",1
"[119480,5]",2
"[157782,2]",1
"[102102,4]",2
"[102879,4]",2
"[126172,5]",1
"[140576,3]",3
"[116116,5]",1
"[134600,1]",1
"[185801,3]",1
"[125193,5]",2
"[133660,4]",1
"[199957,1]",2
"[173632,4]",3
"[128778,1]",2
"[195692,1]",1
"[140930,5]",4
"[112157,2]",1
"[135926,5]",1
"[131179,2]",1
"[184001,2]",1
"[162431,4]",2
"[111595,4]",1
"[108600,4]",1
"[168784,2]",2
"[124827,2]",2
"[118615,1]",1
"[194253,3]",1
"[129931,5]",2
"[144071,1]",1
"[149464,3]",1
"[170840,3]",1
"[113316,2]",1
"[172150,5]",2
"[121102,4]",1
"[185005,1]",2
"[197471,2]",1
"[117909,5]",2
"[146880,3]",1
"[176662,5]",1
"[153340,1]",3
"[143611,5]",1
"[101674,2]",2
"[124482,2]",1
"[166281,5]",1
"[174733,1]",1
"[199649,5]",1
"[187586,3]",2
"[144071,3]",2
"[127892,1]",1
"[138225,1]",2
"[173794,5]",2
"[129844,3]",1
"[133047,4]",1
"[155439,5]",1
"[142578,1]",1
"[101189,1]",1
"[104719,1]",2
"[149478,5]",2
"[181413,4]",3
"[145726,2]",1
"[194253,2]",2
"[129654,2]",2
"[157782,4]",1
"[115272,2]",2
"[163138,2]",1
"[136762,4]",2
"[188219,3]",1
"[125552,5]",1
"[199957,4]",1
"[144256,1]",1
"[124640,3]",2
"[156926,4]",1
"[132435,4]",1
"[191557,5]",1
"[108600,2]",1
"[103067,3]",2
"[134093,3]",2
"[115797,1]",2
"[152947,4]",1
"[171343,2]",2
"[137688,3]",1
"[159720,2]",2
"[172595,1]",1
"[125765,1]",1
"[141771,2]",1
"[112880,1]",2
"[193242,4]",1
"[160038,5]",1
"[186143,1]",1
"[129058,5]",1
"[161533,3]",3
"[163410,4]",2
"[199476,3]",1
"[165841,1]",1
"[146549,3]",2
"[178851,5]",1
"[119454,5]",1
"[130733,2]",1
"[193265,2]",1
"[115911,4]",1
"[118890,3]",2
"[123747,3]",1
"[176662,2]",1
"[103835,3]",3
"[189295,2]",1
"[113960,3]",1
"[102072,5]",2
"[147329,3]",4
"[147545,5]",2
"[110240,2]",2
"[163887,4]",1
"[146205,3]",2
"[102696,1]",1
"[180500,1]",1
"[142965,5]",1
"[139493,1]",1
"[130556,1]",1
"[168625,4]",1
"[106884,4]",1
"[144479,1]",2
"[166168,4]",1
"[137170,4]",1
"[155236,4]",1
"[158699,3]",1
"[122415,4]",1
"[176017,1]",1
"[161177,1]",2
"[109736,1]",1
"[147331,5]",1
"[145752,4]",2
"[107952,3]",1
"[139041,4]",1
"[130320,4]",2
"[184653,4]",2
"[162915,3]",2
"[188113,4]",1
"[127003,4]",2
"[197332,3]",1
"[104674,2]",2
"[119382,3]",2
"[107233,1]",1
"[153049,2]",2
"[131805,3]",2
"[113545,2]",1
"[192460,3]",1
"[178235,3]",3
"[179637,3]",2
"[133391,2]",2
"[178886,3]",2
"[147481,1]",1
"[127892,2]",2
"[165568,4]",1
"[124069,4]",2
"[119986,3]",1
"[164348,4]",1
"[174662,2]",1
"[110372,2]",1
"[137441,2]",3
"[199515,1]",1
"[119100,3]",1
"[140889,1]",1
"[136479,4]",1
"[169441,1]",1
"[139533,3]",2
"[119454,4]",3
"[146792,2]",1
"[188230,3]",1
"[172200,1]",1
"[137707,3]",1
"[178034,5]",1
"[106811,5]",1
"[102890,1]",3
"[165175,1]",1
"[102126,2]",1
"[144071,4]",1
"[158323,4]",1
"[137917,3]",3
"[131346,5]",2
"[139041,5]",1
"[194976,4]",1
"[134794,3]",2
"[184549,2]",1
"[146184,4]",2
"[178948,4]",1
"[186143,2]",2
"[102475,1]",1
"[169333,4]",1
"[111054,1]",2
"[114201,5]",1
"[178501,3]",2
"[143683,3]",1
"[151154,1]",1
"[131656,3]",2
"[143909,3]",1
"[187124,1]",2
"[143998,5]",2
"[190290,3]",1
"[140082,1]",3
"[144207,1]",2
"[140679,2]",1
"[179706,5]",1
"[118013,2]",2
"[188113,1]",1
"[159300,4]",1
"[158762,5]",1
"[183853,1]",1
"[195221,4]",1
"[129261,3]",1
"[196053,1]",1
"[162149,5]",1
"[149526,3]",3
"[127824,2]",1
"[107664,2]",1
"[126332,5]",4
"[157553,4]",2
"[186143,3]",1
"[133832,1]",1
"[172868,2]",2
"[168802,3]",1
"[104866,5]",1
"[134231,2]",1
"[191643,2]",1
"[199371,5]",1
"[183497,2]",3
"[199147,4]",1
"[165264,3]",1
"[105765,3]",2
"[142965,2]",1
"[163467,5]",1
"[166305,3]",1
"[124380,2]",1
"[113798,2]",2
"[134974,4]",2
"[161720,5]",1
"[177200,5]",2
"[111054,4]",1
"[101279,1]",1
"[129844,2]",1
"[133660,5]",1
"[144134,1]",1
"[162652,4]",2
"[127763,5]",2
"[152654,1]",2
"[179111,3]",1
"[109211,2]",2
"[192041,5]",4
"[193242,2]",1
"[177689,3]",1
"[153783,3]",1
"[161177,4]",2
"[120390,5]",1
"[117880,1]",1
"[144288,2]",3
"[143998,4]",1
"[121614,3]",1
"[196277,3]",1
"[187708,2]",2
"[123548,4]",3
"[181789,4]",1
"[176017,5]",1
"[153340,3]",1
"[193314,3]",1
"[171585,4]",1
"[165082,3]",1
"[129398,4]",1
"[104043,4]",1
"[116238,3]",2
"[199890,1]",2
"[197901,3]",1
"[166168,1]",1
"[142912,5]",1
"[180789,4]",1
"[187352,3]",1
"[108044,3]",1
"[107237,4]",2
"[159300,5]",1
"[144134,3]",3
"[183845,3]",1
"[162986,3]",1
"[127333,1]",2
"[163294,1]",2
"[134600,2]",2
"[142912,2]",2
"[144520,1]",1
"[148948,3]",1
"[126266,5]",1
"[143683,1]",2
"[101189,3]",2
"[136670,4]",4
"[126680,2]",1
"[158323,1]",1
"[147329,5]",1
"[122444,4]",1
"[172559,5]",1
"[136759,5]",2
"[105266,3]",2
"[148891,3]",1
"[147002,1]",1
"[185545,2]",2
"[174733,2]",3
"[108518,5]",1
"[131134,1]",1
"[102930,1]",1
"[189728,5]",2
"[105367,5]",1
"[127472,2]",2
"[182903,5]",2
"[109295,5]",1
"[150334,5]",2
"[134600,4]",1
"[110378,2]",1
"[118266,3]",2
"[160789,2]",1
"[165497,1]",1
"[195771,5]",2
"[145073,1]",2
"[136762,3]",1
"[113233,3]",1
"[110240,4]",2
"[176581,1]",2
"[165175,5]",1
"[198114,4]",1
"[181243,2]",1
"[137394,4]",1
"[178927,4]",2
"[135978,5]",1
"[162431,3]",1
"[179066,3]",1
"[171994,5]",1
"[129931,4]",1
"[131288,4]",1
"[173058,4]",1
"[189344,4]",2
"[109439,3]",1
"[172595,2]",1
"[121927,1]",1
"[199371,1]",2
"[125765,5]",2
"[177928,1]",1
"[137166,1]",2
"[165264,2]",2
"[130908,3]",1
"[183853,3]",1
"[169720,1]",1
"[127472,3]",1
"[187902,3]",1
"[120939,4]",2
"[168622,1]",2
"[115633,4]",1
"[101178,4]",2
"[154767,2]",1
"[123448,4]",1
"[144885,5]",1
"[142702,1]",1
"[127521,3]",1
"[100039,3]",1
"[141719,1]",3
"[199890,5]",1
"[171276,4]",1
"[101209,5]",1
"[199649,1]",1
"[188113,2]",1
"[138336,4]",1
"[126680,3]",2
"[189901,4]",3
"[129398,3]",1
"[102717,1]",1
"[159660,1]",1
"[177689,1]",2
"[133235,4]",1
"[105766,1]",1
"[102339,1]",2
"[178948,1]",1
"[197912,4]",2
"[118460,3]",2
"[139224,2]",1
"[134600,5]",1
"[122990,4]",2
"[137170,3]",2
"[151102,3]",2
"[188129,3]",3
"[110112,2]",2
"[122444,1]",1
"[123747,4]",3
"[101834,1]",1
"[108109,2]",1
"[178034,3]",1
"[144053,1]",2
"[163650,5]",1
"[118988,1]",1
"[130134,5]",2
"[165568,5]",1
"[154011,5]",1
"[121110,4]",2
"[154024,3]",1
"[184153,4]",1
"[131454,5]",2
"[105645,1]",2
"[143152,3]",1
"[102930,2]",1
"[101178,3]",1
"[187112,1]",2
"[102339,2]",2
"[191894,4]",2
"[167890,4]",2
"[171014,5]",2
"[133468,4]",1
"[110149,5]",1
"[149477,4]",2
"[152755,1]",1
"[113179,3]",3
"[141754,3]",2
"[134650,5]",1
"[169583,1]",2
"[114667,5]",2
"[187357,5]",3
"[149839,3]",1
"[188622,1]",2
"[137441,1]",1
"[164969,4]",2
"[182493,1]",2
"[130989,2]",3
"[170266,4]",1
"[141812,4]",2
"[143152,1]",2
"[192931,5]",1
"[152654,4]",1
"[103783,4]",2
"[140889,4]",2
"[109626,4]",2
"[155049,1]",1
"[103783,5]",2
"[166411,5]",1
"[145966,1]",1
"[170779,4]",2
"[126708,3]",1
"[175776,2]",1
"[169629,5]",1
"[175852,2]",1
"[152103,1]",2
"[114114,5]",2
"[196146,3]",2
"[114478,5]",2
"[130496,4]",1
"[167890,1]",1
"[116880,4]",1
"[184623,4]",3
"[145966,2]",1
"[121297,4]",1
"[147487,3]",2
"[179836,5]",1
"[175244,4]",1
"[183845,1]",2
"[162535,3]",1
"[143611,4]",1
"[127892,3]",1
"[164348,3]",3
"[175244,3]",1
"[110378,1]",1
"[144207,5]",1
"[123924,1]",3
"[178426,2]",1
"[137394,5]",2
"[101834,5]",3
"[134704,3]",1
"[153929,4]",2
"[101828,5]",1
"[193691,2]",1
"[179305,4]",1
"[108314,5]",2
"[144612,2]",1
"[114653,5]",1
"[114912,5]",1
"[123578,1]",1
"[168784,3]",1
"[147481,3]",3
"[137741,5]",3
"[130908,5]",1
"[163590,1]",2
"[127420,1]",2
"[198889,1]",1
"[181813,1]",2
"[114912,3]",2
"[108362,2]",2
"[146599,4]",1
"[165692,2]",1
"[113233,5]",2
"[178927,5]",1
"[160401,1]",1
"[112520,2]",1
"[132527,1]",3
"[121049,4]",1
"[146148,2]",1
"[134144,3]",2
"[154767,1]",3
"[104674,5]",2
"[199218,4]",1
"[112319,3]",1
"[118049,5]",2
"[111207,3]",1
"[130309,4]",2
"[148242,5]",1
"[165492,5]",1
"[171729,1]",2
"[185005,3]",3
"[138484,4]",1
"[130320,3]",1
"[102696,4]",1
"[151532,3]",1
"[166529,2]",1
"[155343,5]",2
"[108109,4]",1
"[159465,3]",1
"[107952,1]",3
"[123448,3]",1
"[167229,1]",1
"[117449,5]",2
"[132749,3]",2
"[184202,4]",1
"[142912,1]",1
"[198610,5]",2
"[156731,2]",1
"[172479,3]",2
"[182636,4]",1
"[104826,3]",2
"[188230,5]",2
"[152811,4]",2
"[170779,2]",3
"[130743,1]",1
"[147293,4]",1
"[123147,2]",2
"[122731,3]",2
"[136434,2]",1
"[150781,2]",1
"[188622,2]",1
"[147487,1]",1
"[118460,5]",2
"[141846,3]",2
"[102889,1]",1
"[178501,2]",1
"[145726,5]",1
"[162149,2]",1
"[121817,5]",3
"[133231,5]",1
"[180652,5]",2
"[188219,1]",1
"[125193,2]",1
"[183016,4]",1
"[152947,1]",1
"[130338,4]",1
"[153852,4]",1
"[170887,4]",2
"[175852,3]",1
"[163506,2]",3
"[107664,1]",1
"[176825,2]",1
"[152562,4]",1
"[159881,1]",1
"[126172,3]",1
"[125046,1]",3
"[132405,5]",2
"[195221,2]",1
"[138393,1]",1
"[132405,4]",1
"[182200,4]",2
"[192639,2]",3
"[144053,2]",2
"[133299,4]",1
"[146666,4]",1
"[164164,2]",1
"[198283,2]",1
"[172997,4]",3
"[144399,4]",1
"[193076,1]",1
"[159660,4]",2
"[100935,4]",1
"[131006,4]",1
"[122574,3]",1
"[144134,2]",1
"[127503,1]",2
"[110662,2]",2
"[190394,4]",1
"[173794,4]",2
"[197332,2]",1
"[146792,5]",1
"[179637,4]",1
"[141771,3]",1
"[100902,5]",1
"[125718,1]",1
"[102599,4]",1
"[121102,3]",1
"[172387,2]",1
"[178948,2]",2
"[191483,2]",2
"[150803,5]",1
"[154041,5]",2
"[116070,1]",1
"[138428,1]",1
"[181789,3]",1
"[134650,3]",3
"[139790,5]",1
"[180627,2]",3
"[172028,4]",1
"[178034,2]",1
"[154904,3]",1
"[178935,5]",1
"[191458,4]",1
"[115633,3]",1
"[147487,5]",2
"[185801,5]",1
"[126123,3]",1
"[189566,3]",2
"[116116,4]",3
"[139353,1]",2
"[128778,4]",1
"[174507,4]",1
"[134518,3]",1
"[100024,2]",5
"[151389,5]",1
"[160334,4]",1
"[151389,4]",2
"[119158,2]",2
"[109871,3]",2
"[158227,1]",2
"[134161,1]",1
"[143331,2]",1
"[166974,4]",2
"[183845,4]",1
"[143388,3]",1
"[173096,1]",1
"[185127,2]",1
"[183016,1]",2
"[108518,3]",1
"[159398,4]",1
"[186965,4]",3
"[194899,2]",1
"[193650,2]",1
"[108167,3]",2
"[108518,2]",1
"[193386,1]",2
"[188167,1]",1
"[154011,2]",1
"[178869,1]",2
"[187352,5]",1
"[154767,5]",1
"[131656,1]",1
"[106811,1]",1
"[145073,5]",2
"[183666,3]",1
"[106174,2]",3
"[181789,2]",2
"[167902,1]",1
"[146148,4]",1
"[197912,1]",2
"[163410,5]",2
"[158109,1]",2
"[194976,2]",1
"[132195,1]",1
"[196329,1]",1
"[160401,3]",1
"[129654,1]",1
"[183823,3]",1
"[157256,5]",3
"[191557,4]",1
"[103413,1]",1
"[187491,1]",1
"[196507,2]",1
"[130865,4]",1
"[160687,2]",1
"[137738,4]",1
"[147854,5]",1
"[134518,1]",2
"[132435,5]",1
"[122239,1]",2
"[143909,1]",2
"[142116,3]",1
"[142702,5]",1
"[110662,1]",1
"[146365,2]",2
"[168978,3]",3
"[119100,4]",1
"[176569,1]",2
"[127333,2]",1
"[154975,1]",1
"[145139,5]",1
"[102890,3]",2
"[165902,5]",2
"[131042,3]",1
"[160334,2]",1
"[195499,2]",1
"[176075,1]",2
"[147554,5]",2
"[113105,1]",2
"[150450,4]",1
"[125718,2]",1
"[104270,2]",1
"[183852,2]",1
"[105765,1]",2
"[124827,1]",2
"[175169,5]",1
"[132538,1]",1
"[134650,2]",1
"[175966,1]",2
"[188230,1]",1
"[164164,5]",1
"[193076,5]",1
"[144399,5]",1
"[168303,1]",1
"[155343,3]",1
"[102126,3]",1
"[174232,5]",2
"[181281,3]",1
"[150545,4]",2
"[191622,1]",1
"[168994,5]",3
"[156523,1]",2
"[142350,4]",2
"[156514,4]",1
"[142600,5]",1
"[167288,3]",1
"[105173,5]",1
"[137166,2]",1
"[119980,3]",1
"[156875,1]",2
"[122006,3]",1
"[127824,5]",2
"[134794,1]",2
"[150781,4]",1
"[111198,2]",2
"[131042,5]",1
"[143611,1]",1
"[130788,3]",1
"[139584,4]",1
"[164770,3]",3
"[174384,5]",1
"[123924,4]",1
"[135170,2]",2
"[146184,3]",2
"[102416,4]",2
"[179066,5]",1
"[133832,5]",1
"[120570,1]",3
"[187080,5]",1
"[101674,1]",1
"[195243,4]",1
"[122239,2]",2
"[137093,3]",2
"[123548,3]",2
"[181486,2]",2
"[158323,3]",2
"[108314,3]",1
"[180396,3]",2
"[175244,2]",1
"[188339,3]",2
"[161235,5]",2
"[120939,5]",1
"[183016,5]",2
"[166177,1]",2
"[159505,5]",1
"[127563,5]",3
"[117623,5]",1
"[142200,5]",1
"[176164,4]",3
"[133660,3]",1
"[144465,5]",1
"[116070,5]",2
"[157648,5]",1
"[117783,4]",1
"[150947,4]",1
"[118311,2]",1
"[123578,3]",1
"[173690,1]",2
"[127420,5]",2
"[161235,3]",1
"[172559,3]",1
"[136759,2]",1
"[172559,4]",2
"[151154,3]",2
"[108362,1]",1
"[140930,3]",1
"[175689,3]",1
"[176581,4]",1
"[135337,3]",1
"[159881,5]",1
"[139533,5]",1
"[194037,3]",2
"[150545,3]",1
"[127472,4]",1
"[189881,3]",2
"[171729,3]",1
"[127776,4]",2
"[166698,5]",3
"[183674,1]",2
"[153783,2]",1
"[193314,4]",3
"[199966,5]",1
"[186156,4]",2
"[117449,3]",2
"[138393,4]",3
"[115225,5]",1
"[124504,1]",1
"[169581,1]",1
"[153852,5]",1
"[109933,1]",1
"[133580,3]",2
"[109211,4]",2
"[119100,2]",1
"[179305,3]",1
"[192041,2]",1
"[153852,1]",1
"[153615,3]",1
"[132046,5]",1
"[117673,2]",3
"[148489,4]",2
"[153615,2]",1
"[167745,3]",1
"[173794,3]",1
"[141601,3]",3
"[185565,4]",3
"[154685,1]",3
"[174507,5]",1
"[123578,2]",1
"[170779,5]",1
"[112220,5]",1
"[172150,3]",1
"[193242,3]",3
"[105645,2]",1
"[191483,5]",1
"[198221,4]",1
"[155874,5]",2
"[144399,1]",1
"[127824,4]",2
"[109871,1]",1
"[127909,5]",2
"[153246,3]",1
"[122574,5]",2
"[131288,3]",1
"[196092,3]",1
"[152755,2]",1
"[130743,4]",2
"[109336,5]",1
"[152254,1]",1
"[146599,5]",1
"[193742,2]",2
"[176825,5]",2
"[144885,1]",1
"[137738,1]",1
"[131178,1]",4
"[170090,3]",2
"[114201,2]",1
"[178977,4]",1
"[142578,5]",2
"[187259,1]",1
"[178034,4]",1
"[106884,5]",1
"[102796,1]",1
"[124659,3]",1
"[119986,1]",1
"[151321,4]",1
"[129261,1]",1
"[124659,1]",1
"[163321,5]",1
"[110372,1]",1
"[102930,5]",1
"[172595,4]",2
"[144824,2]",2
"[175776,1]",2
"[185335,1]",1
"[112520,1]",2
"[118311,5]",1
"[194899,4]",2
"[130504,3]",3
"[118266,1]",2
"[168295,4]",1
"[142965,3]",1
"[104826,1]",1
"[143388,1]",1
"[133331,2]",1
"[104857,2]",2
"[157019,3]",1
"[197619,4]",1
"[104270,5]",1
"[166305,4]",1
"[160038,1]",1
"[146148,3]",2
"[162460,4]",1
"[162460,2]",1
"[149526,2]",1
"[130309,3]",3
"[121253,1]",1
"[164485,5]",3
"[107425,5]",2
"[147010,1]",1
"[134143,4]",3
"[150334,2]",1
"[173737,1]",1
"[196053,4]",1
"[133625,2]",1
"[166620,1]",2
"[142516,3]",2
"[183782,1]",1
"[180137,5]",2
"[130908,2]",1
"[199476,4]",1
"[155236,2]",2
"[105362,1]",2
"[177557,3]",3
"[119777,2]",1
"[148948,1]",2
"[119454,1]",1
"[114478,2]",1
"[118988,4]",3
"[184001,3]",1
"[125739,3]",1
"[130257,2]",1
"[147331,4]",1
"[195631,5]",1
"[101189,2]",1
"[167902,4]",1
"[120041,2]",1
"[122828,4]",2
"[129305,3]",2
"[195161,3]",2
"[182493,3]",1
"[197262,5]",1
"[183777,4]",2
"[151150,1]",1
"[123448,5]",2
"[144256,2]",3
"[144053,3]",1
"[133517,5]",1
"[107744,5]",2
"[128778,3]",1
"[164348,5]",1
"[115225,4]",2
"[124504,5]",1
"[146184,2]",3
"[178851,3]",1
"[128778,2]",1
"[108578,2]",2
"[102494,3]",1
"[153049,1]",3
"[111767,5]",1
"[128948,5]",2
"[125982,1]",1
"[159690,5]",2
"[195117,2]",1
"[161720,3]",2
"[148891,1]",3
"[165175,3]",1
"[104866,1]",1
"[143244,1]",1
"[140082,4]",1
"[172247,1]",1
"[147154,2]",2
"[149839,5]",1
"[196053,2]",1
"[152562,2]",3
"[150781,1]",2
"[166411,2]",3
"[175034,4]",1
"[145992,5]",1
"[147154,4]",1
"[136836,5]",3
"[174159,5]",1
"[118718,5]",2
"[133660,2]",2
"[107952,2]",1
"[162761,3]",2
"[191720,5]",2
"[105645,4]",1
"[181065,1]",1
"[184153,5]",1
"[193386,4]",2
"[176042,5]",1
"[101771,4]",3
"[101582,4]",2
"[104866,4]",2
"[147331,2]",1
"[199714,2]",1
"[101771,5]",1
"[132926,1]",1
"[130865,2]",1
"[189296,3]",1
"[107411,3]",2
"[113545,5]",1
"[123714,1]",3
"[170826,1]",2
"[172197,3]",2
"[178935,4]",1
"[103067,1]",2
"[175995,1]",1
"[168425,1]",1
"[151389,1]",1
"[197471,1]",1
"[180500,2]",1
"[177617,1]",1
"[107744,2]",1
"[132391,3]",1
"[163887,5]",2
"[143331,1]",1
"[120570,2]",1
"[150406,2]",1
"[171184,3]",1
"[144479,3]",1
"[102599,3]",2
"[175966,3]",1
"[199476,2]",1
"[157648,4]",1
"[136762,5]",1
"[179505,3]",2
"[140889,5]",2
"[145628,3]",1
"[145628,4]",1
"[145341,4]",2
"[116070,4]",2
"[183236,1]",1
"[196277,4]",3
"[168629,2]",3
"[119777,3]",3
"[107664,5]",2
"[134161,2]",1
"[138336,1]",1
"[147154,5]",1
"[154936,5]",3
"[152811,1]",1
"[145073,4]",1
"[152319,4]",1
"[168625,1]",1
"[171279,5]",2
"[196146,5]",1
"[162652,5]",1
"[187586,5]",2
"[196092,1]",1
"[183559,1]",1
"[101748,1]",1
"[186163,1]",2
"[178326,3]",2
"[102889,5]",1
"[183823,2]",1
"[174733,5]",1
"[163650,4]",2
"[109336,1]",1
"[122415,3]",2
"[196329,5]",1
"[100902,4]",1
"[181065,3]",2
"[104826,2]",1
"[124500,2]",1
"[164820,1]",2
"[199212,4]",2
"[138555,3]",1
"[158762,3]",2
"[115358,2]",2
"[147545,4]",1
"[109336,2]",1
"[197612,4]",1
"[103046,1]",1
"[184653,1]",1
"[150781,3]",1
"[143293,5]",3
"[180627,5]",2
"[103835,2]",1
"[160334,5]",1
"[148685,4]",4
"[183853,4]",2
"[192639,3]",1
"[171343,1]",1
"[179824,1]",3
"[130257,3]",3
"[181243,1]",1
"[195908,3]",2
"[174384,1]",1
"[132981,2]",1
"[120041,4]",2
"[114667,2]",1
"[129058,2]",1
"[198429,3]",1
"[143683,5]",1
"[192333,1]",1
"[198156,3]",1
"[158766,1]",2
"[157019,5]",1
"[119158,5]",2
"[192639,1]",1
"[195908,2]",2
"[102599,1]",1
"[178426,5]",1
"[172387,1]",1
"[129398,2]",1
"[166529,3]",2
"[181281,1]",1
"[159720,1]",2
"[193076,4]",3
"[158699,1]",2
"[187902,5]",1
"[116139,4]",2
"[113913,3]",2
"[151853,3]",2
"[132195,5]",2
"[101931,3]",2
"[111732,1]",1
"[198114,5]",1
"[187708,5]",2
"[117479,1]",3
"[127776,1]",1
"[127776,3]",1
"[127057,2]",2
"[152173,1]",2
"[198024,1]",1
"[189296,1]",3
"[197619,1]",2
"[113960,4]",1
"[191458,3]",2
"[195631,3]",3
"[114667,4]",1
"[179824,3]",2
"[133231,1]",1
"[131179,4]",2
"[129261,4]",3
"[153246,4]",1
"[175169,2]",1
"[183559,2]",1
"[188647,4]",2
"[199714,5]",1
"[192477,4]",1
"[101582,3]",2
"[194840,4]",2
"[155148,4]",1
"[149478,2]",1
"[137394,3]",1
"[106811,4]",2
"[179050,1]",3
"[122415,2]",1
"[159465,1]",4
"[138555,1]",2
"[112820,2]",1
"[144223,2]",1
"[144223,5]",1
"[144520,3]",2
"[152811,3]",1
"[104857,5]",1
"[131134,4]",3
"[112840,2]",1
"[105451,4]",1
"[146365,4]",1
"[142600,4]",1
"[176075,2]",1
"[114667,1]",1
"[170887,2]",2
"[183700,2]",1
"[131006,1]",1
"[135170,4]",1
"[179305,1]",1
"[199218,1]",2
"[127503,4]",1
"[131073,1]",4
"[157392,5]",1
"[167229,2]",1
"[123240,1]",1
"[195117,3]",1
"[130788,4]",2
"[139348,5]",1
"[173276,1]",1
"[107664,4]",1
"[144465,1]",1
"[104360,3]",2
"[170887,3]",1
"[162460,3]",2
"[105367,3]",1
"[183728,1]",2
"[108109,3]",1
"[114496,4]",2
"[120939,2]",1
"[122731,5]",1
"[193741,2]",1
"[139914,2]",2
"[107927,3]",1
"[159505,2]",1
"[147010,5]",2
"[174599,5]",1
"[101209,2]",3
"[121553,2]",2
"[101178,5]",1
"[135513,1]",1
"[179505,4]",2
"[116095,1]",2
"[113006,4]",1
"[101828,4]",1
"[163321,4]",1
"[155874,4]",2
"[130865,3]",1
"[183674,5]",1
"[172951,5]",2
"[113913,1]",1
"[150947,2]",2
"[143293,3]",1
"[142516,4]",1
"[189881,4]",1
"[162250,4]",2
"[159300,1]",1
"[165130,2]",2
"[132195,2]",1
"[104270,4]",1
"[173580,1]",1
"[174321,4]",3
"[119777,4]",1
"[182903,4]",2
"[165841,5]",1
"[130338,1]",2
"[119487,4]",2
"[133517,4]",1
"[187352,4]",2
"[187259,5]",2
"[125600,2]",1
"[130989,3]",2
"[193741,3]",1
"[144612,1]",1
"[140636,5]",2
"[176581,3]",1
"[171994,2]",3
"[133235,2]",1
"[144824,1]",1
"[101189,4]",1
"[143998,3]",1
"[190443,4]",2
"[174384,2]",1
"[158971,4]",2
"[125982,4]",2
"[199212,1]",1
"[166917,4]",1
"[130976,2]",2
"[188219,4]",1
"[109295,4]",3
"[197209,4]",1
"[102967,2]",1
"[139960,1]",1
"[147331,1]",2
"[118311,1]",1
"[173737,2]",2
"[185109,5]",3
"[142702,2]",1
"[169333,5]",1
"[177046,2]",2
"[151897,3]",2
"[130272,4]",3
"[188149,3]",1
"[196675,4]",1
"[188167,4]",1
"[193314,5]",1
"[139747,5]",5
"[149642,4]",3
"[146792,4]",3
"[126874,2]",3
"[128128,5]",1
"[135695,1]",1
"[140212,1]",1
"[112220,2]",2
"[146599,2]",1
"[183236,5]",1
"[155632,4]",1
"[112639,3]",2
"[154701,4]",4
"[137093,4]",2
"[178203,3]",1
"[153353,1]",1
"[123492,3]",3
"[175978,3]",1
"[111732,3]",2
"[177046,4]",2
"[152254,2]",2
"[179870,5]",1
"[165568,1]",2
"[154848,4]",3
"[198114,2]",2
"[143710,4]",4
"[154685,5]",1
"[133047,3]",1
"[186436,4]",1
"[158629,5]",7
"[102416,5]",1
"[130234,5]",1
"[184030,4]",2
"[178869,4]",1
"[187592,3]",1
"[147204,1]",1
"[117880,5]",1
"[136434,3]",1
"[150334,1]",1
"[152173,4]",1
"[105362,3]",1
"[149128,2]",3
"[117909,1]",1
"[195243,5]",1
"[124069,1]",2
"[156419,2]",1
"[117109,1]",3
"[195598,1]",1
"[127521,2]",1
"[125739,1]",2
"[139224,1]",1
"[183147,1]",2
"[166514,3]",1
"[126123,1]",1
"[199966,2]",1
"[178326,4]",1
"[145341,2]",2
"[131805,1]",1
"[132405,3]",1
"[165319,4]",1
"[100112,1]",1
"[132527,3]",2
"[109531,4]",3
"[187357,1]",1
"[144824,5]",1
"[122239,4]",1
"[197612,3]",1
"[180985,5]",1
"[133625,4]",2
"[132046,3]",1
"[187124,2]",1
"[146025,4]",3
"[184549,1]",1
"[171655,2]",2
"[102967,4]",1
"[166529,5]",1
"[149839,2]",1
"[155236,5]",2
"[112639,2]",2
"[175995,5]",2
"[130510,4]",2
"[179871,4]",2
"[128451,5]",1
"[156731,3]",1
"[128128,4]",1
"[199212,2]",1
"[126708,1]",2
"[126084,3]",2
"[132538,3]",4
"[191643,1]",2
"[165175,2]",2
"[143244,4]",2
"[151876,5]",1
"[116974,2]",1
"[181041,1]",1
"[168622,2]",1
"[144893,2]",1
"[168117,3]",1
"[120570,5]",1
"[171276,3]",1
"[192931,4]",2
"[194976,1]",1
"[130733,1]",1
"[188339,4]",2
"[107411,4]",1
"[152103,2]",2
"[122006,4]",1
"[147554,1]",3
"[147854,1]",1
"[168295,3]",2
"[152562,1]",1
"[167288,1]",3
"[184030,5]",1
"[117109,4]",2
"[110924,2]",1
"[169243,5]",2
"[144071,5]",1
"[122731,4]",1
"[186163,4]",1
"[144207,3]",1
"[178426,3]",2
"[153569,2]",2
"[157657,5]",2
"[199565,2]",2
"[172242,1]",2
"[129654,5]",1
"[173690,4]",2
"[111813,3]",2
"[103835,5]",1
"[187902,1]",1
"[159398,2]",1
"[171729,5]",1
"[171014,4]",1
"[165527,2]",3
"[193386,5]",1
"[131073,5]",3
"[195029,3]",2
"[197684,5]",2
"[143293,4]",1
"[169581,4]",1
"[134093,2]",1
"[187708,1]",1
"[161235,2]",1
"[172242,2]",1
"[116238,1]",1
"[114029,2]",1
"[189815,2]",3
"[121553,1]",1
"[166620,2]",3
"[159881,2]",1
"[168117,4]",2
"[188808,3]",2
"[194899,1]",1
"[113105,4]",1
"[122574,2]",2
"[166974,5]",1
"[170826,2]",2
"[146365,3]",1
"[147705,4]",1
"[187259,2]",1
"[160325,2]",3
"[175169,4]",1
"[113960,5]",1
"[130504,2]",1
"[181014,5]",2
"[186436,2]",1
"[154685,3]",1
"[100548,4]",2
"[119480,1]",1
"[117909,4]",1
"[170374,4]",1
"[197901,1]",1
"[146697,1]",2
"[156514,1]",2
"[114029,3]",1
"[165902,1]",1
"[105451,5]",2
"[162652,2]",2
"[127404,4]",5
"[156061,2]",1
"[138677,2]",1
"[177689,4]",1
"[180652,2]",1
"[107927,1]",4
"[130234,3]",1
"[141812,3]",1
"[118615,3]",1
"[183738,5]",1
"[172403,4]",3
"[180789,2]",1
"[162149,3]",1
"[156731,4]",1
"[105943,2]",1
"[134231,3]",1
"[136891,5]",3
"[103438,1]",1
"[118890,5]",1
"[154848,1]",1
"[170266,5]",1
"[101279,4]",1
"[170293,1]",1
"[180534,2]",1
"[124069,2]",1
"[148891,4]",1
"[104043,2]",2
"[158109,5]",1
"[150805,5]",2
"[199714,4]",1
"[195117,5]",1
"[103046,3]",1
"[111813,4]",1
"[112840,4]",2
"[107744,3]",2
"[135978,3]",2
"[198889,2]",1
"[113179,5]",1
"[111767,4]",1
"[181014,4]",2
"[183497,5]",1
"[112607,5]",3
"[171585,1]",1
"[159720,4]",1
"[108600,5]",1
"[194037,5]",2
"[106174,4]",2
"[103228,2]",1
"[122006,2]",2
"[158762,1]",2
"[154083,1]",1
"[171638,3]",2
"[142116,5]",1
"[193265,1]",2
"[105367,4]",2
"[138056,2]",1
"[187685,2]",2
"[133047,5]",1
"[168978,5]",1
"[150569,2]",1
"[171014,3]",2
"[146666,3]",2
"[118890,1]",1
"[139790,3]",1
"[191720,4]",1
"[142116,4]",2
"[156926,1]",1
"[179870,1]",1
"[197471,4]",2
"[193145,1]",1
"[139353,5]",1
"[179050,2]",1
"[181827,5]",2
"[104719,3]",1
"[162431,1]",1
"[179305,2]",1
"[166620,5]",1
"[161235,4]",1
"[125046,2]",1
"[136759,3]",2
"[157392,1]",3
"[118311,4]",2
"[109295,3]",1
"[188167,5]",2
"[123147,4]",2
"[143849,4]",1
"[188113,3]",2
"[154081,4]",2
"[181065,4]",2
"[172559,2]",1
"[137166,5]",1
"[138677,1]",1
"[185109,1]",2
"[184549,5]",2
"[168629,3]",2
"[185545,4]",1
"[172997,2]",1
"[177928,3]",1
"[134093,1]",1
"[131073,2]",1
"[170610,5]",1
"[144893,5]",1
"[102889,3]",2
"[110028,2]",1
"[139041,2]",2
"[191458,1]",1
"[154975,5]",3
"[162460,5]",1
"[134518,2]",1
"[140811,4]",1
"[166281,3]",1
"[151853,4]",1
"[132391,4]",3
"[191894,1]",3
"[111013,3]",2
"[154024,5]",3
"[156419,4]",1
"[169629,1]",1
"[130976,4]",3
"[152811,5]",1
"[183700,4]",1
"[144213,5]",1
"[110378,5]",1
"[157553,1]",3
"[148489,2]",1
"[171655,1]",1
"[111767,3]",2
"[133231,4]",1
"[130234,1]",1
"[141771,4]",3
"[106925,2]",2
"[162761,4]",2
"[114496,5]",1
"[182958,1]",2
"[170266,3]",2
"[168303,3]",3
"[133299,5]",2
"[195344,3]",2
"[148242,4]",1
"[108044,2]",1
"[155439,2]",3
"[193742,3]",1
"[163650,1]",2
"[142702,3]",1
"[139533,1]",2
"[136891,2]",1
"[123147,5]",1
"[195161,2]",1
"[109933,3]",1
"[187080,3]",1
"[192438,3]",1
"[139914,5]",1
"[163467,3]",2
"[105173,4]",1
"[173580,4]",2
"[138561,5]",1
"[194654,5]",1
"[133391,4]",2
"[142751,1]",3
"[119986,4]",2
"[175479,2]",1
"[106917,3]",1
"[178977,3]",1
"[117783,2]",2
"[162535,5]",1
"[173737,3]",1
"[134144,2]",1
"[163321,1]",1
"[151876,4]",1
"[128948,3]",1
"[149476,2]",2
"[167902,3]",1
"[194162,2]",1
"[101279,3]",2
"[175492,2]",2
"[102879,5]",1
"[194976,3]",2
"[199476,1]",2
"[120390,2]",1
"[177046,3]",1
"[128451,2]",2
"[170894,1]",2
"[185801,1]",1
"[191483,1]",1
"[173096,4]",1
"[100935,2]",2
"[181827,2]",1
"[128611,2]",3
"[103531,2]",1
"[165576,5]",2
"[160038,3]",3
"[173580,3]",1
"[100902,1]",1
"[155632,3]",1
"[147002,4]",3
"[110149,2]",1
"[174232,1]",1
"[153852,2]",1
"[178081,2]",2
"[157338,5]",1
"[190394,3]",1
"[187833,3]",2
"[147705,3]",1
"[189969,3]",1
"[118718,3]",2
"[116531,4]",1
"[119568,4]",1
"[187902,4]",1
"[144612,5]",1
"[153569,1]",3
"[181486,4]",1
"[136836,1]",1
"[157657,2]",2
"[190443,3]",3
"[144885,3]",1
"[143106,2]",1
"[114912,1]",2
"[102072,4]",1
"[193650,1]",1
"[168625,2]",3
"[116139,2]",1
"[198283,3]",1
"[139199,1]",2
"[121049,5]",1
"[118013,5]",1
"[112074,3]",1
"[185335,4]",1
"[169583,2]",1
"[133517,1]",1
"[197262,4]",1
"[105451,2]",2
"[167380,3]",1
"[179050,3]",1
"[163887,2]",2
"[147010,3]",2
"[143790,1]",3
"[127441,4]",3
"[199649,3]",3
"[167380,2]",1
"[196675,5]",2
